SampleID,Replicate,Temp,Time,Treatment,GroupCombined,sample
HVBMT01,1,18,0,noninduced,0_18_noninduced,18C
HVBMT21,2,18,0,noninduced,0_18_noninduced,18C
HVBMT41,3,18,0,noninduced,0_18_noninduced,18C
HVBMT04,1,18,1,noninduced,1_18_noninduced,18C
HVBMT24,2,18,1,noninduced,1_18_noninduced,18C
HVBMT44,3,18,1,noninduced,1_18_noninduced,18C
HVBMT02,1,28,1,noninduced,1_28_noninduced,28C
HVBMT22,2,28,1,noninduced,1_28_noninduced,28C
HVBMT42,3,28,1,noninduced,1_28_noninduced,28C
HVBMT06,1,8,1,noninduced,1_8_noninduced,8C
HVBMT26,2,8,1,noninduced,1_8_noninduced,8C
HVBMT46,3,8,1,noninduced,1_8_noninduced,8C
HVBMT16,1,18,28,noninduced,28_18_noninduced,18C
HVBMT36,2,18,28,noninduced,28_18_noninduced,18C
HVBMT56,3,18,28,noninduced,28_18_noninduced,18C
HVBMT14,1,28,28,noninduced,28_28_noninduced,28C
HVBMT34,2,28,28,noninduced,28_28_noninduced,28C
HVBMT54,3,28,28,noninduced,28_28_noninduced,28C
HVBMT18,1,8,28,noninduced,28_8_noninduced,8C
HVBMT38,2,8,28,noninduced,28_8_noninduced,8C
HVBMT58,3,8,28,noninduced,28_8_noninduced,8C
HVBMT10,1,18,7,noninduced,7_18_noninduced,18C
HVBMT30,2,18,7,noninduced,7_18_noninduced,18C
HVBMT50,3,18,7,noninduced,7_18_noninduced,18C
HVBMT08,1,28,7,noninduced,7_28_noninduced,28C
HVBMT28,2,28,7,noninduced,7_28_noninduced,28C
HVBMT48,3,28,7,noninduced,7_28_noninduced,28C
HVBMT12,1,8,7,noninduced,7_8_noninduced,8C
HVBMT32,2,8,7,noninduced,7_8_noninduced,8C
HVBMT52,3,8,7,noninduced,7_8_noninduced,8C
